Workbook

Sheet K2994
B1: K2994 QMCI 1941 200cm-1 hpe | C1: 44168
A2: 20.03856 | B2: 0.00654 | D2: 2603 | E2: 0.126826
A3: 20.165386 | B3: 0.01182 | D3: 0 | E3: 0.80464
A4: 20.292212 | B4: 0.01687
A5: 20.419038 | B5: 0.0158
A6: 20.545864 | B6: 0.01431
A7: 20.67269 | B7: 0.01132
A8: 20.799516 | B8: 0.00634
A9: 20.926342 | B9: 0.00523
A10: 21.053168 | B10: 0.00621
A11: 21.179994 | B11: 0.00815
A12: 21.30682 | B12: 0.00704
A13: 21.433646 | B13: 0.00406
A14: 21.560472 | B14: 0.00604
A15: 21.687298 | B15: 0.00487
... A2604: 350.03981 | B2604: 0.38674

Sheet K2993
B1: K2993 QMCI 1941 38um BP | C1: 38um BP + 200cm-1 hpe | E1: 44168
A2: 20.03856 | B2: 0.75353 | C2: =B2*'K2994'!B2 -> 0.0049280862 | F2: 2603 | G2: 0.126826
A3: 20.165386 | B3: 0.75686 | C3: =B3*'K2994'!B3 -> 0.0089460852 | F3: 0.00077 | G3: 0.99662
A4: 20.292212 | B4: 0.76163 | C4: =B4*'K2994'!B4 -> 0.012848698
A5: 20.419038 | B5: 0.76136 | C5: =B5*'K2994'!B5 -> 0.012029488
A6: 20.545864 | B6: 0.762 | C6: =B6*'K2994'!B6 -> 0.01090422
A7: 20.67269 | B7: 0.76625 | C7: =B7*'K2994'!B7 -> 0.00867395
A8: 20.799516 | B8: 0.76398 | C8: =B8*'K2994'!B8 -> 0.0048436332
A9: 20.926342 | B9: 0.7622 | C9: =B9*'K2994'!B9 -> 0.003986306
A10: 21.053168 | B10: 0.76616 | C10: =B10*'K2994'!B10 -> 0.0047578536
A11: 21.179994 | B11: 0.76472 | C11: =B11*'K2994'!B11 -> 0.006232468
A12: 21.30682 | B12: 0.7661 | C12: =B12*'K2994'!B12 -> 0.005393344
A13: 21.433646 | B13: 0.76697 | C13: =B13*'K2994'!B13 -> 0.0031138982
A14: 21.560472 | B14: 0.76497 | C14: =B14*'K2994'!B14 -> 0.0046204188
A15: 21.687298 | B15: 0.76755 | C15: =B15*'K2994'!B15 -> 0.0037379685
... A2604: 350.03981 | B2604: 0.01358 | C2604: =B2604*'K2994'!B2604 -> 0.0052519292

Sheet C0255_3
B1: K2993 QMCI 1941 38um BP | C1: K2993+K2994 QMCI 1941 38um BP blocked
A2: 129.63214 | B2: 0.8193512 | C2: =B2*'C0255_4'!B2 -> 0.0078775128 | D2: High folding limt | E2: 15791.026
A3: 130.11404 | B3: 0.83765012 | C3: =B3*'C0255_4'!B3 -> 0.0087425292 | D3: Low folding limit | E3: 0
A4: 130.59595 | B4: 0.85099608 | C4: =B4*'C0255_4'!B4 -> 0.01661112 | D4: Laser wavenumber | E4: 15791.026
A5: 131.07785 | B5: 0.86337477 | C5: =B5*'C0255_4'!B5 -> 0.01370541 | D5: Spectral resolution | E5: 1
A6: 131.55976 | B6: 0.86866343 | C6: =B6*'C0255_4'!B6 -> 0.016204282 | D6: Phase resolution | E6: 8
A7: 132.04166 | B7: 0.87731069 | C7: =B7*'C0255_4'!B7 -> 0.025922566 | D7: Number of points | E7: 12181
A8: 132.52356 | B8: 0.88801014 | C8: =B8*'C0255_4'!B8 -> 0.022551293 | D8: Acquisition mode | E8: Single Sided | F8: Forward-Backward
A9: 133.00547 | B9: 0.89643073 | C9: =B9*'C0255_4'!B9 -> 0.013711177 | D9: Sample name | E9: K2993 QMCI 1941 38um BP
A10: 133.48737 | B10: 0.89870346 | C10: =B10*'C0255_4'!B10 -> 0.01100067 | D10: Sample form
A11: 133.96928 | B11: 0.89682025 | C11: =B11*'C0255_4'!B11 -> 0.013936318 | D11: Filename | E11: C0255.3
A12: 134.45118 | B12: 0.91071367 | C12: =B12*'C0255_4'!B12 -> 0.019530036 | D12: Path | E12: C:\bruker\2020\December
A13: 134.93308 | B13: 0.92421585 | C13: =B13*'C0255_4'!B13 -> 0.017558909 | D13: Time | E13: 18:31:20.511 (GMT+1)
A14: 135.41499 | B14: 0.92214501 | C14: =B14*'C0255_4'!B14 -> 0.013984864 | D14: Date | E14: 44167
A15: 135.89689 | B15: 0.92503721 | C15: =B15*'C0255_4'!B15 -> 0.016889357
A16: 136.3788 | B16: 0.92875588 | C16: =B16*'C0255_4'!B16 -> 0.016592883
A17: 136.8607 | B17: 0.92782736 | C17: =B17*'C0255_4'!B17 -> 0.017644845
A18: 137.3426 | B18: 0.92732471 | C18: =B18*'C0255_4'!B18 -> 0.02300113
A19: 137.82451 | B19: 0.92037582 | C19: =B19*'C0255_4'!B19 -> 0.020489867
A20: 138.30641 | B20: 0.91287249 | C20: =B20*'C0255_4'!B20 -> 0.017553716
A21: 138.78831 | B21: 0.91043711 | C21: =B21*'C0255_4'!B21 -> 0.019483245
A22: 139.27022 | B22: 0.90651906 | C22: =B22*'C0255_4'!B22 -> 0.016301896
A23: 139.75212 | B23: 0.89968026 | C23: =B23*'C0255_4'!B23 -> 0.013775985
A24: 140.23403 | B24: 0.89701265 | C24: =B24*'C0255_4'!B24 -> 0.017256317
A25: 140.71593 | B25: 0.89927167 | C25: =B25*'C0255_4'!B25 -> 0.021068182
A26: 141.19783 | B26: 0.89409065 | C26: =B26*'C0255_4'!B26 -> 0.021548389
... A12182: 5999.2213 | B12182: 0.00774116 | C12182: =B12182*'C0255_4'!B12182 -> 0.0010950016

Sheet C0255_4
B1: K2994 QMCI 1941 200cm-1 hpe
A2: 129.63214 | B2: 0.00961433 | D2: High folding limt | E2: 15791.026
A3: 130.11404 | B3: 0.01043697 | D3: Low folding limit | E3: 0
A4: 130.59595 | B4: 0.01951962 | D4: Laser wavenumber | E4: 15791.026
A5: 131.07785 | B5: 0.01587423 | D5: Spectral resolution | E5: 1
A6: 131.55976 | B6: 0.01865427 | D6: Phase resolution | E6: 8
A7: 132.04166 | B7: 0.02954776 | D7: Number of points | E7: 12181
A8: 132.52356 | B8: 0.02539531 | D8: Acquisition mode | E8: Single Sided | F8: Forward-Backward
A9: 133.00547 | B9: 0.0152953 | D9: Sample name | E9: K2994 QMCI 1941 200cm-1 hpe
A10: 133.48737 | B10: 0.0122406 | D10: Sample form
A11: 133.96928 | B11: 0.0155397 | D11: Filename | E11: C0255.4
A12: 134.45118 | B12: 0.02144476 | D12: Path | E12: C:\bruker\2020\December
A13: 134.93308 | B13: 0.01899871 | D13: Time | E13: 18:42:32.065 (GMT+1)
A14: 135.41499 | B14: 0.01516558 | D14: Date | E14: 44167
A15: 135.89689 | B15: 0.01825803
A16: 136.3788 | B16: 0.01786571
A17: 136.8607 | B17: 0.01901738
A18: 137.3426 | B18: 0.02480375
A19: 137.82451 | B19: 0.0222625
A20: 138.30641 | B20: 0.0192291
A21: 138.78831 | B21: 0.02139988
A22: 139.27022 | B22: 0.01798296
A23: 139.75212 | B23: 0.01531209
A24: 140.23403 | B24: 0.01923754
A25: 140.71593 | B25: 0.02342805
A26: 141.19783 | B26: 0.0241009
... A12182: 5999.2213 | B12182: 0.14145187
