Workbook

Sheet Transmission
C1: λ (nm) | D1: % Transmission
C2: 200 | D2: 0.002216911
C3: 205 | D3: 0.002414705
C4: 210 | D4: 0.002472138
C5: 215 | D5: 0.002588838
A6: Product Raw Data | C6: 220 | D6: 0.002720773
A7: Ø25 mm, SM1-Threaded Mount, IR Reflective Neutral Density Filter, OD: 2.0 | C7: 225 | D7: 0.002868575
C8: 230 | D8: 0.002842039
A9: Item # | B9: NDIR20B | C9: 235 | D9: 0.002837012
A10: DISCLAIMER: The data presented here are typical. Slight variations in performance data will occur from lot to lot. Please contact Technical Support with any questions regarding the use or reliability of this data. | C10: 240 | D10: 0.002663115
C11: 245 | D11: 0.00259154
C12: 250 | D12: 0.002678384
C13: 255 | D13: 0.002819653
C14: 260 | D14: 0.002761262
C15: 265 | D15: 0.002763456
C16: 270 | D16: 0.002665684
A17: Additional Information: | C17: 275 | D17: 0.002550408
C18: 280 | D18: 0.002444428
C19: 285 | D19: 0.002134851
C20: 290 | D20: 0.002391127
C21: 295 | D21: 0.002357002
C22: 300 | D22: 0.002218357
C23: 305 | D23: 0.001851664
C24: 310 | D24: 0.002019387
C25: 315 | D25: 0.00178157
C26: 320 | D26: 0.001981181
C27: 325 | D27: 0.002028611
C28: 330 | D28: 0.001503825
C29: 335 | D29: 0.001990442
... C2023: 18000.802 | D2023: 0.049774072

Sheet OD
C1: λ (nm) | D1: Optical Density (OD)
C2: 200 | D2: =LOG10(1/((Transmission!D2)/100)) -> 4.6542517
C3: 205 | D3: =LOG10(1/((Transmission!D3)/100)) -> 4.6171359
C4: 210 | D4: =LOG10(1/((Transmission!D4)/100)) -> 4.6069273
C5: 215 | D5: =LOG10(1/((Transmission!D5)/100)) -> 4.5868951
A6: Product Raw Data | C6: 220 | D6: =LOG10(1/((Transmission!D6)/100)) -> 4.5653077
A7: Ø25 mm, SM1-Threaded Mount, IR Reflective Neutral Density Filter, OD: 2.0 | C7: 225 | D7: =LOG10(1/((Transmission!D7)/100)) -> 4.5423338
C8: 230 | D8: =LOG10(1/((Transmission!D8)/100)) -> 4.54637
A9: Item # | B9: NDIR20B | C9: 235 | D9: =LOG10(1/((Transmission!D9)/100)) -> 4.5471388
A10: DISCLAIMER: The data presented here are typical. Slight variations in performance data will occur from lot to lot. Please contact Technical Support with any questions regarding the use or reliability of this data. | C10: 240 | D10: =LOG10(1/((Transmission!D10)/100)) -> 4.5746101
C11: 245 | D11: =LOG10(1/((Transmission!D11)/100)) -> 4.5864421
C12: 250 | D12: =LOG10(1/((Transmission!D12)/100)) -> 4.5721272
C13: 255 | D13: =LOG10(1/((Transmission!D13)/100)) -> 4.5498043
C14: 260 | D14: =LOG10(1/((Transmission!D14)/100)) -> 4.5588924
C15: 265 | D15: =LOG10(1/((Transmission!D15)/100)) -> 4.5585474
C16: 270 | D16: =LOG10(1/((Transmission!D16)/100)) -> 4.5741913
A17: Additional Information: | C17: 275 | D17: =LOG10(1/((Transmission!D17)/100)) -> 4.5933903
C18: 280 | D18: =LOG10(1/((Transmission!D18)/100)) -> 4.6118228
C19: 285 | D19: =LOG10(1/((Transmission!D19)/100)) -> 4.6706324
C20: 290 | D20: =LOG10(1/((Transmission!D20)/100)) -> 4.6213974
C21: 295 | D21: =LOG10(1/((Transmission!D21)/100)) -> 4.62764
C22: 300 | D22: =LOG10(1/((Transmission!D22)/100)) -> 4.6539686
C23: 305 | D23: =LOG10(1/((Transmission!D23)/100)) -> 4.7324378
C24: 310 | D24: =LOG10(1/((Transmission!D24)/100)) -> 4.6947804
C25: 315 | D25: =LOG10(1/((Transmission!D25)/100)) -> 4.7491971
C26: 320 | D26: =LOG10(1/((Transmission!D26)/100)) -> 4.7030758
C27: 325 | D27: =LOG10(1/((Transmission!D27)/100)) -> 4.6928012
C28: 330 | D28: =LOG10(1/((Transmission!D28)/100)) -> 4.8228027
C29: 335 | D29: =LOG10(1/((Transmission!D29)/100)) -> 4.7010505
... C2023: 18000.802 | D2023: =LOG10(1/((Transmission!D2023)/100)) -> 3.3029968

Sheet Reflectance
C2: Wavelength (um) | D2: % Reflectance
C3: 1.666548 | D3: 78.439186
C4: 1.670574 | D4: 78.503884
C5: 1.674599 | D5: 78.519737
A6: Product Raw Data | C6: 1.678625 | D6: 78.54043
A7: Ø25 mm, SM1-Threaded Mount, IR Reflective Neutral Density Filter, OD: 2.0 | C7: 1.68265 | D7: 78.593202
C8: 1.686676 | D8: 78.578307
A9: Item # | B9: NDIR20B | C9: 1.690701 | D9: 78.635898
A10: DISCLAIMER: The data presented here are typical. Slight variations in performance data will occur from lot to lot. Please contact Technical Support with any questions regarding the use or reliability of this data. | C10: 1.694727 | D10: 78.664973
C11: 1.698752 | D11: 78.665011
C12: 1.702778 | D12: 78.695429
C13: 1.706803 | D13: 78.740716
C14: 1.710829 | D14: 78.772182
C15: 1.714854 | D15: 78.762493
C16: 1.71888 | D16: 78.814635
A17: Additional Information: | C17: 1.722905 | D17: 78.829331
A18: 10° AOI | C18: 1.726931 | D18: 78.848303
C19: 1.730956 | D19: 78.898064
C20: 1.734982 | D20: 78.896331
C21: 1.739007 | D21: 78.915448
C22: 1.743032 | D22: 78.922635
C23: 1.747058 | D23: 78.97099
C24: 1.751083 | D24: 78.98651
C25: 1.755109 | D25: 79.013692
C26: 1.759134 | D26: 79.040365
C27: 1.76316 | D27: 79.054928
C28: 1.767185 | D28: 79.09422
C29: 1.771211 | D29: 79.10996
C30: 1.775236 | D30: 79.153192
... C3067: 14.000616 | D3067: 93.952382
